{"3": {"x": [291.5861206054688, 291.3650394556131, 291.1427078876205, 290.9193008395576, 290.6951826301785, 290.4709414868016, 290.2474281871396, 290.025798354733, 289.8075568533746, 289.5946010288999, 289.3892570951139, 289.1943007131665, 289.0129490299284, 288.8488079804716, 288.705757328185, 288.5877596068133, 288.4985912278245, 288.4415163985688, 288.4189540495951, 288.4322135496969, 288.4813791811812, 288.5653926539245, 288.6823221713723, 288.8297433667225, 289.0051261150952, 289.2061366317214, 289.4308112895326, 289.6776074452432, 289.9453658965789, 290.2332260100693, 290.5405264877823, 290.8667122571753, 291.2112572690415, 291.5736060621831, 291.9531333802531, 292.3491197359669, 292.7607405491019, 293.1870666367222, 293.6270740376588, 294.0796612658804, 294.5436720973212, 295.0179219533319, 295.5012259213569, 295.9924265108654, 296.4904194159844, 296.9941758501977, 297.502760408071, 298.0153438489969, 298.5312106351031, 299.0497614408372, 299.5705111499827, 300.0930830497345, 300.6172000213414, 301.1426735268142, 301.6693911235104, 302.1973031278523, 302.7264089191034, 303.2567432428404, 303.7883627550328, 304.3213329499341, 304.8557155425298, 305.3915563302673, 305.9288735383604, 306.4676466560695, 307.0078057952718, 307.5492216440657, 308.0916961432801, 308.6349540779292, 309.1786358431216, 309.7222917076141, 310.2653779496151, 310.8072552690027, 311.3471898778723, 311.8843576281892, 312.4178514447872, 312.9466921920587, 313.4698429177448, 313.9862261990956, 314.4947440845293, 314.9942999028177, 315.4838210293262], "vx": [-2.210811498556305, -2.223315679925846, -2.234070480629334, -2.241182093790945, -2.242411433769849, -2.235132996619703, -2.216298324065385, -2.18241501358442, -2.129558244747151, -2.053439337859956, -1.949563819474811, -1.813516832380284, -1.641410494568712, -1.430506522865469, -1.17997721371712, -0.8916837898886733, -0.5707482925566411, -0.2256234897375441, 0.1325950010179086, 0.4916563148432861, 0.8401347274326618, 1.169295174478251, 1.474211953502034, 1.753827483725856, 2.010105166262234, 2.246746578112701, 2.467961557105439, 2.677584513357346, 2.878601134903604, 3.073004777129955, 3.261857693930399, 3.445450118661404, 3.623487931416093, 3.795273180700183, 3.959863557137604, 4.116208131350221, 4.263260876203032, 4.400074009366388, 4.525872282216299, 4.640108314407637, 4.742498560106962, 4.833039680250007, 4.912005895084731, 4.979929051190726, 5.037564342132389, 5.085845578733679, 5.125834409258925, 5.158667861062086, 5.185508057341748, 5.207497091454823, 5.225718997517656, 5.241169716069439, 5.254735054728099, 5.267175966962067, 5.279120043418609, 5.29105791251113, 5.30334323736943, 5.316195121924104, 5.329701949012924, 5.34382592595641, 5.35840787737557, 5.373172080930358, 5.387731177090567, 5.401591392023412, 5.41415848793917, 5.424744992143865, 5.432579346490993, 5.436817651924078, 5.436558644925276, 5.430862420010081, 5.418773193875682, 5.399346088696815, 5.371677503168232, 5.334938165980752, 5.288407472714602, 5.23150725686066, 5.163832813507796, 5.085178854336987, 4.995558182883996, 4.895211265085126, 0.0], "y": [365.80859375, 366.2717919721171, 366.7399638004275, 367.2149746010207, 367.6988351106809, 368.1936966340371, 368.7018405800426, 369.2256583404387, 369.7676160678885, 370.3301972921777, 370.9158147813361, 371.5266821888465, 372.1646368828954, 372.8309095628934, 373.5258458884296, 374.2486020874419, 374.9968599949527, 375.7666321217691, 376.5522423834766, 377.3465564977238, 378.1414856843733, 378.9287047847471, 379.7004439229121, 380.450176239506, 381.1730581590541, 381.8660660355575, 382.5278664412306, 383.1585146628336, 383.7590851562513, 384.3313136028922, 384.8772954890213, 385.3992566743939, 385.8993929332067, 386.3797669126626, 386.8422489489664, 387.2884894975291, 387.7199134236924, 388.1377289149734, 388.5429458421723, 388.9363999121496, 389.3187799869845, 389.6906566174575, 390.0525102802797, 390.4047581227736, 390.7477782793047, 391.0819310727036, 391.4075766661882, 391.7250889821952, 392.0348659383882, 392.3373362495581, 392.6329631925426, 392.9222458223479, 393.2057181621966, 393.4839468758842, 393.7575278794264, 394.0270822738696, 394.2932518948366, 394.5566946872243, 394.8180800329546, 395.0780840905665, 395.3373851502066, 395.5966589670725, 395.856574010436, 396.1177865533779, 396.3809355295243, 396.646637096612, 396.9154788719007, 397.1880138403931, 397.4647539822795, 397.7461637190045, 398.0326533348854, 398.32457258905, 398.6222047850778, 398.9257616065157, 399.2353790482989, 399.5511147704028, 399.8729471658069, 400.2007763680833, 400.5344273267309, 400.8736549574849, 401.2181512412966], "vy": [4.631982221171324, 4.68171828310426, 4.750108005931788, 4.838605096601919, 4.948615233561855, 5.081439460055053, 5.238177603961507, 5.419577274497916, 5.625812242891543, 5.856174891583583, 6.108674075103766, 6.379546940489741, 6.662726799979458, 6.949363255362151, 7.227561990122872, 7.482579075108577, 7.697721268164064, 7.856102617074697, 7.94314114247158, 7.949291866495196, 7.872191003738441, 7.717391381649986, 7.497323165939144, 7.22881919548014, 6.930078765034546, 6.618004056731752, 6.306482216029504, 6.005704934177665, 5.722284466408619, 5.459818861290596, 5.219611853726206, 5.001362588127837, 4.803739794559018, 4.624820363038207, 4.462405485627112, 4.314239261632719, 4.178154912809578, 4.052169271989698, 3.934540699772948, 3.823800748348526, 3.718766304730305, 3.618536628222093, 3.522478424938715, 3.430201565311119, 3.341527933989723, 3.25645593484542, 3.175123160070343, 3.097769561930249, 3.024703111698093, 2.956269429845474, 2.892826298052362, 2.834723398487146, 2.782287136875869, 2.735810035422396, 2.695543944431787, 2.661696209669702, 2.634427923877288, 2.613853457303141, 2.600040576118657, 2.593010596400686, 2.592738168659405, 2.599150433634802, 2.612125429419729, 2.631489761463365, 2.657015670877203, 2.688417752887116, 2.725349684924222, 2.76740141886369, 2.814097367250051, 2.864896158809277, 2.919192541645491, 2.976321960278131, 3.035568214379252, 3.09617441783179, 3.157357221039002, 3.218323954040855, 3.278292022763361, 3.336509586476381, 3.392276307539577, 3.444962838117603, -0.0]}, "1": {"x": [279.8897094726563, 279.8897094726563, 279.8897094726563, 279.8897094726563, 279.8897094726563, 279.8897094726563, 279.8897094726563, 279.8897094726563, 279.8897094726563, 279.8897094726563, 279.8897094726563, 279.8897094726563, 279.8897094726563, 279.8897094726563, 279.8897094726563, 279.8897094726563, 279.8897094726563, 279.8897094726563, 279.8897094726563, 279.8897094726563, 279.8897094726563, 279.8897094726563, 279.8897094726563, 279.8897094726563, 279.8897094726563, 279.8897094726563, 279.8897094726563, 279.8897094726563, 279.8897094726563, 279.8897094726563, 279.8897094726563, 279.8897094726563, 279.8897094726563, 279.8897094726563, 279.8897094726563, 279.8897094726563, 279.8897094726563, 279.8897094726563, 279.8897094726563, 279.8897094726563, 279.8897094726563, 279.8897094726563, 279.8897094726563, 279.8897094726563, 279.8897094726563, 279.8897094726563, 279.8897094726563, 279.8897094726563, 279.8897094726563, 279.8897094726563, 279.8897094726563, 279.8897094726563, 279.8897094726563, 279.8897094726563, 279.8897094726563, 279.8897094726563, 279.8897094726563, 279.8897094726563, 279.8897094726563, 279.8897094726563, 279.8897094726563, 279.8897094726563, 279.8897094726563, 279.8897094726563, 279.8897094726563, 279.8897094726563, 279.8897094726563, 279.8897094726563, 279.8897094726563, 279.8897094726563, 279.8897094726563, 279.8897094726563, 279.8897094726563, 279.8897094726563, 279.8897094726563, 279.8897094726563, 279.8897094726563, 279.8897094726563, 279.8897094726563, 279.8897094726563, 279.8897094726563],